"book_id","author_id"
1,1
2,1
3,2
4,3
5,3
6,2
7,3
8,4
9,5
10,5
11,6
12,7
13,8
14,9
14,10
15,11
16,5
16,12
17,13
18,14
19,15
20,16
20,17
21,18
22,18
23,19
24,12
24,20
24,21
24,22
25,12
25,20
25,21
25,22
26,19
27,19
28,19
29,6
30,23
31,24
32,6
33,25
33,26
34,27
35,28
36,29
37,30
37,31
38,32
39,6
40,33
40,34
40,35
41,6
42,36
42,37
43,36
43,37
44,38
45,39
46,39
47,40
47,41
48,39
49,42
50,43
51,44
52,45
53,46
53,47
54,48
54,49
55,6
56,43
57,40
57,41
58,50
59,51
60,40
60,41
61,52
62,53
63,54
64,55
65,45
66,40
66,41
67,56
67,57
68,58
68,59
69,58
69,59
70,58
70,59
71,58
71,59
72,58
72,59
73,60
74,61
74,62
75,56
75,57
76,56
76,57
77,63
78,56
78,57
79,64
80,65
80,66
81,56
81,57
82,56
82,57
83,67
84,56
84,57
85,68
85,69
86,56
86,57
87,68
87,69
88,70
89,60
90,71
90,57
91,72
92,73
92,74
93,73
93,74
94,73
94,74
95,73
95,74
96,75
96,76
97,75
97,76
98,75
98,76
99,75
99,76
100,75
100,76
101,77
102,77
103,77
104,77
105,78
106,78
107,78
108,78
109,78
110,78
111,79
111,80
111,81
112,79
112,80
112,81
113,79
113,80
113,81
114,79
114,80
114,81
115,82
116,83
117,82
118,84
119,85
120,86
121,87
122,36
122,88
123,36
123,88
124,36
124,88
125,36
125,88
126,36
126,88
127,89
127,90
128,91
129,92
130,93
130,94
131,95
132,36
132,88
133,36
133,88
134,36
134,88
135,96
135,97
136,98
137,99
137,100
138,101
139,102
140,103
141,104
142,105
143,103
144,6
145,106
146,6
147,6
148,6
149,6
150,103
151,107
151,108
152,103
153,109
154,110
155,6
156,102
157,6
158,6
159,111
160,112
161,6
162,6
163,113
163,114
164,115
164,116
165,6
166,6
167,117
168,118
169,119
170,120
170,121
170,122
170,123
171,124
172,125
173,125
174,126
174,127
175,128
175,129
176,130
176,131
176,132
177,6
178,133
178,134
179,135
179,136
180,6
181,6
182,137
183,138
183,139
184,140
184,141
184,142
184,143
185,144
186,145
187,67
187,146
188,147
189,147
190,147
191,147
192,147
193,148
194,147
195,149
196,147
197,147
198,147
199,150
200,147
201,147
202,147
203,147
204,147
205,151
206,147
207,152
208,153
209,1
209,154
210,153
211,153
212,153
213,155
213,156
214,153
215,157
215,158
216,159
216,160
217,153
218,161
218,162
219,153
220,153
220,163
221,164
221,165
222,153
223,165
223,166
223,167
224,6
225,153
226,165
226,168
227,169
227,170
227,171
228,165
228,172
229,173
229,174
230,175
230,176
231,165
231,177
232,178
233,179
234,179
235,180
235,181
236,182
237,183
238,184
239,6
240,185
241,112
241,150
242,184
243,182
243,186
244,187
245,184
246,187
247,184
248,188
249,179
250,188
251,189
252,179
253,190
254,191
255,192
255,21
256,192
256,21
257,151
258,192
258,21
259,193
260,194
261,193
262,195
263,6
264,196
265,6
266,197
267,193
268,193
269,196
270,6
271,198
272,193
273,199
274,6
275,195
276,200
276,192
276,21
276,201
277,202
278,203
279,202
280,202
281,204
282,202
283,203
284,205
285,204
286,203
288,203
289,206
289,207
290,203
291,206
291,207
292,208
293,203
294,209
295,203
296,210
297,210
298,210
299,210
300,75
300,211
301,75
301,211
302,212
303,212
304,212
305,212
306,212
307,212
308,213
309,214
311,6
312,215
313,6
314,6
315,215
316,6
317,216
318,6
319,217
319,218
320,219
321,219
322,219
323,182
323,214
324,220
324,221
324,186
325,222
326,219
327,219
328,219
329,219
330,6
331,223
331,224
331,225
332,219
333,6
334,219
335,217
335,218
336,226
336,227
336,228
337,215
338,229
339,220
339,221
339,186
340,230
341,6
342,223
342,231
342,232
343,222
343,233
344,229
345,6
346,234
346,235
347,236
348,215
349,105
350,237
350,238
350,239
351,223
351,225
351,240
352,241
352,242
352,243
352,244
353,245
353,246
353,247
353,248
353,223
354,245
354,246
354,247
354,248
354,223
355,249
356,250
356,251
357,219
358,219
359,222
359,252
360,217
360,218
361,182
361,214
362,6
363,219
364,253
364,254
365,219
366,6
367,253
367,254
368,255
369,256
369,257
370,6
371,258
371,259
371,260
372,261
372,224
372,225
373,241
373,237
373,262
373,263
373,243
373,264
373,265
374,217
374,218
375,229
376,6
377,229
378,6
379,6
380,266
380,267
380,268
380,269
381,229
381,270
382,223
382,231
382,232
383,249
384,271
385,272
385,273
386,274
386,275
386,276
386,277
387,274
387,275
387,276
387,277
388,278
389,279
390,280
390,281
391,282
391,283
391,284
392,255
393,285
393,280
394,209
395,286
396,287
397,288
397,289
397,290
398,291
399,292
400,293
400,294
400,295
400,296
401,293
401,294
401,295
401,296
402,253
403,6
404,297
404,298
405,6
406,299
406,300
406,301
406,302
407,303
408,304
408,305
408,306
409,307
410,308
411,309
412,255
413,309
414,255
415,308
415,310
416,311
417,312
418,278
419,293
419,313
420,314
420,315
420,316
420,317
421,287
422,318
422,319
423,6
424,312
425,318
425,320
426,6
427,321
427,322
428,222
428,323
428,324
429,222
429,325
429,326
430,327
431,318
431,328
432,329
433,330
433,331
433,332
433,333
433,334
434,6
435,288
435,289
436,278
437,335
437,336
438,286
438,337
439,338
440,222
440,323
440,324
441,339
441,340
441,341
442,342
443,6
444,343
444,344
444,345
444,346
445,347
446,293
447,348
447,349
448,350
448,351
449,6
450,6
451,352
451,353
451,354
452,6
453,6
454,355
454,356
454,357
454,358
455,6
456,314
457,6
458,359
459,359
459,258
460,359
461,6
462,360
462,361
462,362
463,6
464,363
465,359
466,6
467,348
468,364
468,365
468,366
469,220
470,367
471,220
471,368
472,293
472,294
472,369
472,370
473,371
473,372
473,225
473,181
474,373
475,312
476,374
476,375
477,292
478,376
479,377
479,378
480,379
481,318
481,380
482,381
483,6
484,382
484,383
485,220
486,384
486,385
486,386
487,387
487,388
488,375
488,389
489,390
490,391
490,392
490,393
491,394
491,311
492,395
492,396
493,6
494,397
495,397
496,398
496,399
496,400
497,401
497,402
497,403
497,404
498,6
499,405
499,406
499,407
500,6
501,408
502,409
502,410
503,411
503,412
504,222
505,413
505,414
506,415
506,416
507,397
508,417
508,418
508,419
508,420
508,421
509,422
509,423
510,422
510,423
511,6
512,287
513,424
513,425
513,426
513,427
514,428
514,429
514,430
514,431
515,432
516,433
517,434
518,434
519,435
520,436
521,437
522,6
523,438
523,439
523,440
523,441
524,442
524,443
525,444
526,445
526,446
526,447
526,448
527,449
527,450
527,451
527,452
528,6
529,6
530,342
531,6
532,342
533,397
534,453
534,454
534,455
534,456
535,457
536,457
537,458
538,459
539,460
540,6
541,6
542,461
543,6
544,462
545,463
545,464
545,465
545,466
546,467
546,468
546,469
546,470
547,471
547,468
547,469
549,472
549,473
549,474
549,475
550,6
551,342
551,476
552,477
553,477
553,478
553,479
554,480
555,480
556,481
557,482
558,483
558,484
558,485
559,482
560,338
561,6
562,486
562,487
562,253
562,488
563,6
564,489
565,490
566,491
567,492
568,493
569,494
570,494
571,278
572,342
573,222
573,325
573,495
574,6
575,330
575,331
575,332
575,333
575,496
576,494
577,494
578,6
579,6
580,497
580,498
580,499
581,338
582,318
582,500
583,255
584,342
585,397
586,288
586,289
587,318
587,320
588,501
588,502
588,503
588,345
589,278
590,318
590,320
591,6
592,342
592,504
592,505
593,222
593,326
593,506
593,507
594,6
595,318
595,328
596,286
596,337
597,293
597,294
597,295
598,444
599,222
599,508
599,324
600,338
601,222
601,323
601,324
602,330
602,331
602,332
602,333
602,334
603,509
603,510
603,255
604,509
604,510
604,255
605,222
606,511
607,512
607,513
607,514
608,6
609,515
609,516
609,517
609,518
609,519
609,520
609,521
610,522
610,523
611,397
612,524
612,297
612,298
613,6
614,525
614,526
614,527
614,528
615,529
616,405
616,530
616,531
617,524
617,297
617,298
618,318
618,532
619,318
619,532
620,293
620,533
620,313
620,295
620,534
621,535
621,536
621,537
622,538
623,539
624,540
624,405
624,541
624,407
624,542
625,293
625,313
626,318
626,543
627,338
628,544
629,545
629,546
629,547
630,548
630,549
630,550
630,551
631,444
632,6
633,494
634,6
635,6
636,552
637,553
638,554
639,220
639,555
640,338
641,338
642,6
643,6
644,359
644,556
645,6
646,557
647,309
648,558
649,6
650,559
651,359
651,560
651,561
652,412
652,415
653,292
654,359
654,562
655,6
656,6
657,6
658,6
659,6
660,6
661,6
662,6
663,6
664,6
665,6
666,6
667,6
668,6
669,6
670,6
671,6
672,6
673,6
674,6
675,6
676,6
677,6
678,6
679,6
680,6
681,6
682,6
683,6
684,6
685,6
686,6
687,6
688,6
689,6
690,6
691,6
692,563
693,6
694,6
695,6
696,6
697,6
698,6
699,6
700,6
701,6
702,6
703,6
704,6
705,6
706,6
707,564
707,565
708,566
708,567
709,568
709,569
710,570
710,571
710,572
711,570
711,571
711,572
712,573
712,574
712,575
713,570
713,571
713,572
714,566
714,576
715,566
715,576
716,577
716,578
717,6
718,6
719,6
720,6
721,566
721,567
722,566
722,567
723,564
723,565
724,566
724,567
725,6
726,6
727,6
728,6
729,6
730,6
731,579
731,580
731,581
732,6
733,582
733,583
733,584
734,582
734,583
734,584
735,582
735,583
735,584
736,585
736,586
736,587
736,588
737,579
737,580
737,581
738,6
739,589
739,590
739,591
739,592
740,6
741,6
742,6
743,593
743,594
743,595
743,596
744,6
745,6
746,6
747,6
748,6
749,6
750,6
751,6
752,6
753,6
754,6
755,6
756,6
757,6
758,6
759,6
760,6
761,6
762,6
763,6
764,6
765,6
766,6
767,6
768,6
769,6
770,6
771,6
772,6
773,6
774,6
775,6
776,6
777,597
777,598
777,599
778,6
779,6
780,582
780,583
780,584
781,582
781,583
781,584
782,6
783,6
784,6
785,6
786,6
787,6
788,6
789,6
790,6
791,6
792,577
792,578
793,6
794,6
795,6
796,6
797,6
798,6
799,6
800,566
800,567
801,579
801,580
801,581
802,6
803,6
804,6
805,293
805,294
805,295
806,293
807,293
807,600
807,295
807,289
808,293
808,294
808,295
809,564
809,565
810,577
810,578
811,6
812,6
813,6
814,579
814,580
814,581
815,6
816,6
817,6
818,6
819,566
819,567
820,6
821,6
822,601
822,602
823,564
823,565
824,566
824,567
825,566
825,567
826,6
827,6
828,6
829,6
830,6
831,603
831,604
831,605
832,582
832,583
832,584
833,6
834,6
835,6
836,6
837,6
838,6
839,6
840,6
841,6
842,6
843,6
844,606
844,607
844,608
845,6
846,6
847,6
848,6
849,6
850,6
851,6
852,6
853,609
853,610
854,6
855,6
856,6
857,6
858,6
859,6
860,6
861,6
862,6
863,6
864,6
865,6
866,611
866,612
866,613
867,6
868,614
868,448
868,615
868,616
869,6
870,617
870,618
870,619
870,620
871,621
871,622
871,623
871,624
872,621
872,622
873,6
874,6
875,6
876,621
876,622
876,625
877,6
878,621
878,622
878,626
878,627
879,628
879,580
879,629
879,630
880,631
880,632
880,633
880,634
881,6
882,589
882,635
882,636
882,637
883,6
884,6
885,6
886,6
887,6
888,6
889,6
890,6
891,6
892,6
893,6
894,6
895,6
896,6
897,6
898,6
899,6
900,6
901,6
902,6
903,6
904,6
905,6
906,6
907,6
908,6
909,6
910,6
911,6
912,638
912,639
912,640
912,641
912,642
913,566
913,567
914,6
915,564
915,565
915,643
915,644
916,564
916,565
916,643
916,644
917,566
917,567
918,6
919,638
919,639
919,640
919,641
919,642
920,566
920,567
921,566
921,645
921,567
921,646
922,566
922,645
922,567
922,646
923,566
923,567
924,6
925,6
926,6
927,6
928,6
929,6
930,6
931,6
932,563
933,6
934,6
935,6
936,6
937,6
938,6
939,6
940,6
941,6
942,563
943,6
944,6
945,6
946,6
947,6
948,6
949,647
949,648
949,649
949,650
950,6
951,647
951,651
951,652
951,653
952,6
953,654
953,655
953,652
953,656
954,657
954,658
954,659
954,660
955,6
956,6
957,647
957,661
957,649
957,650
958,6
959,6
960,6
961,582
961,583
961,584
962,6
963,6
964,6
965,6
966,6
967,6
968,6
969,589
969,591
969,590
969,592
970,6
971,6
972,6
973,6
974,6
975,6
976,6
977,6
978,6
979,6
980,6
981,6
982,6
983,6
984,6
985,6
986,6
987,6
988,6
989,563
990,563
991,566
991,567
992,662
992,565
993,663
994,664
994,665
995,666
995,667
995,668
995,669
996,670
996,671
996,672
996,673
996,674
996,675
997,566
997,576
998,6
999,6
1000,6
1001,566
1001,567
1002,662
1002,565
1003,566
1003,576
1004,6
1005,6
1006,6
1007,6
1008,6
1009,6
1010,6
1011,6
1012,6
1013,6
1014,563
1015,6
1016,6
1017,6
1018,563
1019,6
1020,6
1021,6
1022,6
1023,6
1024,6
1025,6
1026,6
1027,6
1028,6
1029,6
1030,6
1031,6
1032,6
1033,6
1034,6
1035,6
1036,676
1036,677
1036,678
1037,6
1038,6
1039,6
1040,6
1041,6
1042,6
1043,6
1044,6
1045,6
1046,6
1047,6
1048,6
1049,6
1050,6
1051,6
1052,6
1053,6
1054,679
1055,6
1056,6
1057,6
1058,6
1059,680
1059,681
1060,6
1061,6
1062,6
1063,6
1064,6
1065,6
1066,6
1067,6
1068,6
1069,577
1069,682
1069,683
1070,564
1070,565
1070,684
1070,685
1071,564
1071,565
1071,684
1071,685
1072,6
1073,566
1073,567
1074,686
1074,687
1074,688
1075,689
1075,690
1076,566
1076,567
1077,577
1077,682
1077,683
1078,566
1078,567
1079,566
1079,567
1080,6
1081,6
1082,6
1083,6
1084,691
1084,692
1084,693
1084,694
1084,695
1084,696
1084,697
1084,698
1085,6
1086,6
1087,6
1088,6
1089,6
1090,606
1090,607
1090,608
1091,6
1092,699
1092,700
1092,701
1092,702
1092,703
1093,6
1094,704
1094,705
1095,6
1096,6
1097,6
1098,6
1099,706
1099,707
1099,708
1099,709
1100,6
1101,6
1102,6
1103,6
1104,6
1105,6
1106,6
1107,6
1108,6
1109,6
1110,6
1111,6
1112,6
1113,614
1113,447
1113,616
1114,621
1114,622
1115,6
1116,6
1117,6
1118,6
1119,6
1120,631
1120,632
1120,634
1120,710
1121,6
1122,6
1123,6
1124,711
1124,712
1124,713
1125,6
1126,6
1127,6
1128,6
1129,6
1130,6
1131,6
1132,566
1132,567
1133,6
1134,566
1134,567
1135,6
1136,714
1136,715
1136,662
1137,6
1138,6
1139,6
1140,566
1140,567
1141,6
1142,6
1143,6
1144,6
1145,6
1146,6
1147,6
1148,6
1149,6
1150,6
1151,6
1152,6
1153,6
1154,566
1154,567
1155,6
1156,564
1156,565
1156,643
1156,644
1157,6
1158,6
1159,6
1160,6
1161,6
1162,6
1163,6
1164,6
1165,6
1166,6
1167,6
1168,6
1169,6
1170,6
1171,563
1172,6
1173,6
1174,6
1175,6
1176,6
1177,6
1178,6
1179,6
1180,6
1181,6
1182,6
1183,6
1184,6
1185,6
1186,6
1187,6
1188,6
1189,6
1190,6
1191,6
1192,6
1193,6
1194,6
1195,6
1196,6
1197,6
1198,6
1199,6
1200,6
1201,6
1202,6
1203,577
1203,716
1203,683
1204,6
1205,6
1206,566
1206,567
1207,566
1207,567
1208,6
1209,6
1210,566
1210,567
1211,6
1212,6
1213,689
1213,690
1214,6
1215,6
1216,717
1216,716
1216,683
1217,718
1218,6
1219,566
1219,567
1220,6
1221,6
1222,293
1223,6
1224,6
1225,6
1226,6
1227,6
1228,6
1229,6
1230,6
1231,6
1232,6
1233,6
1234,6
1235,6
1236,6
1237,6
1238,6
1239,6
1240,6
1241,6
1242,6
1243,6
1244,6
1245,6
1246,6
1247,6
1248,6
1249,6
1250,6
1251,6
1252,6
1253,6
1254,6
1255,719
1255,720
1255,721
1256,6
1257,6
1258,6
1259,6
1260,6
1261,6
1262,722
1262,723
1262,724
1262,725
1263,722
1263,723
1263,724
1263,725
1264,6
1265,6
1266,6
1267,6
1268,6
1269,6
1270,6
1271,6
1272,6
1273,6
1274,6
1275,6
1276,6
1277,563
1278,6
1279,6
1280,6
1281,6
1282,678
1282,677
1282,676
1283,597
1283,598
1283,599
1284,6
1285,6
1286,6
1287,6
1288,6
1289,6
1290,585
1290,588
1290,726
1290,727
1291,593
1291,594
1291,595
1291,596
1292,6
1293,6
1294,6
1295,6
1296,6
1297,6
1298,579
1298,580
1298,728
1298,581
1299,585
1299,588
1299,729
1299,727
1300,566
1300,645
1300,567
1300,646
1301,566
1301,567
1302,6
1303,6
1304,293
1304,294
1304,295
1305,6
1306,6
1307,564
1307,565
1308,662
1308,565
1309,566
1309,567
1310,6
1311,6
1312,6
1313,6
1314,6
1315,6
1316,6
1317,6
1318,6
1319,6
1320,6
1321,6
1322,6
1323,6
1324,6
1325,6
1326,6
1327,6
1328,6
1329,6
1330,6
1331,6
1332,6
1333,6
1334,6
1335,6
1336,6
1337,676
1337,677
1337,678
1338,6
1339,6
1340,6
1341,6
1342,6
1343,706
1343,730
1343,731
1343,732
1344,6
1345,6
1346,6
1347,6
1348,6
1349,6
1350,6
1351,6
1352,6
1353,563
1354,679
1355,679
1356,6
1357,6
1358,6
1359,6
1360,6
1361,6
1362,6
1363,712
1363,713
1363,733
1363,734
1363,735
1364,6
1365,6
1366,6
1367,6
1368,6
1369,6
1370,6
1372,714
1372,662
1373,566
1373,567
1374,318
1374,532
1375,318
1375,532
1376,564
1376,565
1376,736
1376,685
1377,6
1378,293
1378,294
1378,313
1378,295
1379,563
1380,6
1381,6
1382,566
1382,567
1383,566
1383,567
1384,564
1384,565
1384,736
1384,685
1385,566
1385,567
1386,737
1386,738
1386,571
1387,689
1387,690
1388,6
1389,6
1390,6
1391,6
1392,6
1393,6
1394,6
1395,6
1396,6
1397,6
1398,563
1399,6
1400,6
1401,6
1402,6
1403,6
1404,6
1405,6
1406,6
1407,6
1408,563
1409,6
1410,6
1411,679
1412,6
1413,6
1414,6
1415,6
1416,6
1417,6
1418,6
1419,6
1420,6
1421,6
1422,6
1423,6
1424,6
1425,563
1426,6
1427,6
1428,6
1429,6
1430,6
1431,6
1432,6
1433,6
1434,6
1435,6
1436,6
1437,6
1438,6
1439,6
1440,6
1441,6
1442,6
1443,6
1444,6
1445,566
1445,567
1446,564
1446,565
1446,736
1446,685
1447,566
1447,567
1448,6
1449,318
1449,319
1450,566
1450,567
1451,6
1452,564
1452,565
1452,736
1452,685
1453,665
1453,664
1454,6
1455,6
1456,739
1456,740
1456,741
1456,723
1456,742
1456,743
1457,6
1458,6
1459,6
1460,6
1461,6
1462,6
1463,6
1464,6
1465,6
1466,6
1467,6
1468,6
1469,6
1470,6
1471,6
1472,6
1473,6
1474,6
1475,6
1476,6
1477,6
1478,6
1479,6
1480,6
1481,6
1482,6
1483,6
1484,6
1485,6
1486,6
1487,6
1488,6
1489,6
1490,6
1491,6
1492,582
1492,583
1492,584
1493,582
1493,744
1493,583
1494,6
1495,6
1496,6
1497,6
1498,6
1499,6
1500,6
1501,566
1501,576
1502,566
1502,576
1503,566
1503,576
1504,745
1505,746
1505,747
1506,647
1506,651
1506,740
1506,748
1507,749
1507,659
1507,750
1507,751
1508,6
1509,579
1509,752
1510,647
1510,753
1510,661
1510,649
1511,6
1512,6
1513,647
1513,753
1513,661
1513,649
1514,6
1515,582
1515,583
1515,584
1516,6
1517,6
1518,6
1519,6
1520,6
1521,566
1521,567
1522,6
1523,6
1524,6
1525,6
1526,6
1527,6
1528,6
1529,566
1529,567
1530,6
1531,6
1532,6
1533,6
1534,563
1535,6
1536,6
1537,6
1538,754
1538,755
1538,756
1539,6
1540,6
1541,6
1542,6
1543,6
1544,6
1545,6
1546,6
1547,6
1548,6
1549,6
1550,6
1551,6
1552,6
1553,6
1554,6
1555,6
1556,6
1557,6
1558,6
1559,6
1560,6
1561,6
1562,6
1563,6
1564,6
1565,6
1566,6
1567,6
1568,6
1569,6
1570,6
1571,6
1572,6
1573,6
1574,6
1575,6
1576,6
1577,6
1578,6
1579,757
1579,758
1580,179
1581,182
1581,759
1582,182
1582,759
1583,182
1583,759
1584,182
1584,759
1585,219
1586,760
1587,179
1588,179
1589,761
1590,180
1591,762
1592,763
1593,179
1594,6
1595,179
1596,179
1597,179
1598,182
1599,182
1600,764
1601,761
1602,765
1603,766
1604,6
1605,767
1606,222
1607,768
1608,769
1609,6
1610,6
1611,770
1612,6
1613,771
1613,772
1613,773
1613,774
1614,6
1615,6
1616,6
1617,771
1617,772
1617,775
1617,773
1618,776
1619,777
1620,6
1621,778
1621,779
1621,780
1621,781
1622,782
1623,783
1624,784
1625,785
1626,786
1627,787
1628,788
1629,789
1630,790
1631,791
1632,792
1633,793
1634,794
1635,1
1636,795
1637,796
1637,797
1637,798
1638,799
1639,800
1640,796
1640,798
1640,801
1641,802
1642,803
1643,804
1644,805
1645,806
1646,807
1647,808
1648,809
1649,810
1650,6
1651,811
1651,812
1652,813
1653,814
1654,814
1655,815
1656,807
1657,816
1658,817
1659,809
1659,818
1660,819
1661,820
1662,816
1663,816
1664,821
1665,822
1666,823
1667,824
1668,809
1669,825
1670,826
1671,827
1672,828
1673,829
1674,830
1675,831
1676,832
1677,833
1678,834
1679,816
1680,835
1681,821
1682,836
1683,813
1684,837
1685,838
1686,839
1687,809
1687,807
1688,840
1689,816
1690,841
1691,842
1692,843
1692,844
1693,845
1693,846
1694,847
1694,848
1694,849
1695,796
1695,850
1695,851
1696,847
1696,848
1696,849
1697,852
1697,843
1698,853
1698,854
1698,855
1699,856
1699,857
1700,858
1701,847
1701,848
1701,849
1702,859
1703,856
1703,857
1704,856
1704,857
1705,856
1705,857
1706,860
1706,861
1707,856
1707,857
1708,847
1708,848
1708,849
1709,862
1709,863
1710,864
1710,865
1711,856
1711,857
1712,852
1712,843
1713,866
1714,867
1715,868
1716,802
1717,869
1718,870
1719,871
1720,872
1721,872
1722,873
1723,867
1724,874
1725,802
1726,875
1727,876
1728,877
1729,878
1730,879
1731,867
1732,869
1733,880
1734,881
1735,882
1736,883
1737,884
1738,885
1739,886
1740,884
1741,887
1742,882
1743,6
1744,792
1745,888
1746,889
1747,890
1748,882
1749,891
1750,892
1751,893
1752,894
1753,895
1754,896
1755,897
1756,8
1757,898
1758,882
1759,899
1760,900
1760,901
1761,902
1762,899
1763,903
1764,904
1765,905
1766,906
1767,904
1768,907
1769,908
1770,909
1771,910
1772,899
1773,910
1774,900
1774,901
1775,903
1776,911
1777,904
1778,912
1779,904
1779,913
1780,899
1781,910
1782,914
1783,914
1784,915
1785,916
1786,917
1787,918
1788,29
1789,916
1790,919
1791,807
1792,918
1793,920
1794,921
1795,922
1796,923
1796,924
1797,925
1798,29
1799,922
1800,925
1801,926
1802,927
1803,928
1804,929
1805,918
1806,930
1807,931
1808,932
1809,933
1810,934
1811,935
1812,935
1813,936
1814,937
1815,938
1816,939
1817,935
1818,940
1819,936
1820,941
1821,941
1822,936
1823,942
1824,941
1825,937
1826,943
1826,944
1827,945
1828,946
1829,947
1830,943
1830,944
1831,948
1831,949
1832,950
1833,951
1834,948
1834,949
1835,952
1836,953
1837,951
1838,954
1839,6
1840,6
1841,955
1842,956
1843,957
1844,958
1845,830
1846,6
1847,6
1848,959
1849,960
1850,961
1851,962
1852,963
1853,961
1854,964
1854,965
1855,963
1856,962
1857,824
1857,966
1858,967
1859,962
1860,968
1861,961
1862,969
1863,963
1864,970
1864,77
1865,970
1865,77
1866,971
1866,972
1867,973
1868,974
1869,975
1870,962
1871,976
1872,977
1873,969
1874,978
1875,979
1876,980
1877,981
1878,982
1879,980
1880,983
1881,984
1882,985
1883,986
1884,987
1885,988
1886,989
1887,990
1888,991
1889,992
1890,993
1891,994
1892,995
1893,996
1894,997
1895,996
1896,998
1897,838
1898,928
1899,999
1900,1000
1901,1001
1902,838
1903,1002
1904,815
1905,956
1906,1003
1907,838
1908,835
1909,1000
1910,1001
1911,1004
1912,1005
1913,838
1914,1006
1915,1006
1916,1000
1917,838
1918,1007
1919,835
1920,1008
1921,1009
1922,1010
1923,1011
1924,1012
1925,1013
1925,1014
1926,1013
1926,1014
1927,1015
1928,1016
1929,1017
1929,1018
1930,1019
1930,1020
1931,1021
1932,1016
1933,1016
1934,1022
1935,6
1936,1023
1936,1024
1937,950
1937,1025
1938,1026
1939,1027
1939,1028
1940,1027
1940,1029
1941,1027
1941,1030
1942,1031
1942,1014
1943,1032
1944,1032
1945,1033
1946,1034
1947,1035
1948,1036
1949,1037
1950,1038
1951,1039
1952,1039
1953,1039
1954,1040
1955,6
1956,1041
1957,1042
1958,1043
1959,923
1960,923
1960,1044
1961,1035
1962,1045
1963,1045
1964,1046
1965,1046
1966,1047
1966,1048
1967,1049
1968,1050
1969,1051
1970,1052
1971,1053
1972,1054
1973,1055
1974,1056
1975,1057
1976,1058
1977,1059
1978,1060
1979,1061
1980,1062
1981,1063
1982,1064
1983,1065
1983,1066
1984,1065
1984,1066
1985,1067
1986,1068
1987,1069
1988,1070
1989,1071
1990,1072
1991,1073
1992,1074
1993,795
1994,1075
1995,1076
1996,1077
1997,1078
1997,1079
1998,1080
1999,1081
2000,784
2000,1082
2001,869
2002,1083
2002,833
2003,787
2003,1084
2004,1085
2005,1085
2006,1086
2006,1087
2006,1088
2007,119
2008,119
2009,119
2010,119
2011,119
2012,119
2013,119
2014,1089
2015,1090
2015,1091
2016,1092
2017,1093
2018,1094
2018,1095
2019,1096
2019,1097
2020,1098
2021,1099
2022,1096
2022,1097
2023,1099
2024,1090
2024,1091
2025,1100
2026,1101
2026,1102
2027,1103
2028,119
2029,119
2030,119
2031,119
2032,119
2033,119
2034,119
2035,119
2036,119
2037,119
2038,119
2039,119
2040,119
2041,119
2042,119
2043,119
2044,119
2044,1104
2045,119
2045,1104
2046,119
2047,119
2048,119
2049,119
2050,119
2051,796
2052,796
2053,796
2054,796
2055,796
2056,796
2057,796
2058,796
2059,796
2060,796
2061,796
2062,796
2062,1105
2063,796
2064,796
2065,796
2066,796
2067,796
2068,796
2069,796
2070,796
2071,796
2072,796
2073,796
2073,797
2074,796
2074,797
2075,1106
2075,1107
2076,1106
2076,1108
2077,1106
2077,1109
2078,1106
2078,1108
2079,1106
2079,1108
2080,1106
2081,1106
2081,1108
2082,1106
2082,1108
2083,1106
2083,1108
2084,1106
2084,1109
2085,1106
2085,1108
2086,1106
2086,1108
2087,1106
2087,1109
2088,1106
2089,1106
2090,1106
2091,1106
2091,1109
2092,1106
2092,1109
2093,1106
2094,1106
2095,1106
2096,1106
2097,1106
2098,1110
2099,1110
2100,1110
2101,1110
2102,1110
2103,1110
2104,1110
2105,1110
2106,1110
2107,1110
2108,1110
2109,1110
2110,1110
2111,1110
2112,1110
2113,1110
2114,1110
2115,1110
2116,1110
2117,1110
2118,1110
2119,1110
2120,1110
2121,1111
2122,1111
2123,1111
2124,1111
2124,1112
2125,1111
2125,1112
2126,1111
2126,1112
2127,1111
2127,1112
2128,1111
2128,1112
2129,1111
2129,1112
2130,1111
2130,1112
2131,1111
2132,1111
2133,1111
2134,1111
2134,1112
2135,1111
2136,1111
2136,1112
2137,1111
2137,1112
2138,1111
2138,1112
2139,1111
2140,1111
2141,1111
2141,1112
2142,1111
2143,1111
2144,1113
2145,1113
2146,1113
2147,1113
2148,1113
2149,1113
2150,1113
2151,1113
2152,1113
2153,1113
2154,1113
2155,1113
2156,1113
2157,1113
2158,1113
2159,1113
2160,1113
2161,1113
2162,1113
2163,1113
2164,1113
2165,1113
2166,1113
2167,1114
2168,1114
2169,1114
2170,1114
2171,1114
2172,1114
2173,1114
2174,1114
2175,1114
2176,1114
2177,1114
2178,1114
2179,1114
2180,1114
2181,1114
2182,1114
2183,1114
2184,1114
2185,1114
2186,1114
2187,1114
2188,1114
2189,6
2190,1115
2190,1116
2191,1115
2191,1116
2192,1115
2192,1116
2193,1117
2194,1115
2194,1116
2195,1116
2196,1115
2196,1116
2197,1117
2198,1115
2198,1116
2199,1115
2199,1116
2200,1117
2201,1117
2202,1115
2202,1116
2203,1117
2204,1117
2205,1117
2206,1117
2207,1117
2208,1115
2208,1116
2209,1117
2210,1118
2210,1119
2211,1118
2211,1119
2212,1118
2212,1119
2213,1118
2213,1119
2214,1118
2214,1119
2215,1118
2215,1120
2215,1119
2216,185
2217,6
2218,6
2219,6
2220,6
2221,6
2222,6
2223,6
2224,1121
2225,6
2226,6
2227,6
2228,6
2229,6
2230,6
2231,6
2232,6
2233,6
2234,6
2235,6
2236,6
2237,1121
2238,6
2239,6
2240,1122
2240,1123
2240,1124
2241,1122
2241,1123
2241,1124
2242,1122
2242,1123
2243,1125
2244,1122
2244,1123
2245,1126
2246,1127
2246,1128
2247,1126
2248,1129
2249,1130
2250,1125
2251,1131
2252,1122
2252,1123
2253,1130
2254,1132
2255,1129
2256,1133
2256,1134
2257,1127
2257,1128
2258,1132
2259,1122
2259,1123
2260,1135
2261,1127
2261,1128
2262,1136
2263,1137
2264,1137
2265,1135
2266,1138
2267,1139
2267,1140
2268,1139
2268,1141
2269,1142
2270,1142
2271,1139
2271,1141
2272,1139
2272,1141
2273,1142
2274,1135
2275,1135
2276,1135
2277,1143
2277,1144
2278,1143
2278,1144
2279,1143
2279,1144
2280,1143
2280,1144
2281,1143
2281,1144
2282,1138
2283,1138
2284,1138
2285,1138
2286,1145
2287,1146
2287,1147
2288,1148
2289,1149
2290,413
2291,413
2292,1150
2293,413
2294,1145
2295,1151
2296,1152
2296,1153
2297,1154
2298,1155
2299,1156
2300,1157
2301,1158
2302,1159
2302,1160
2303,1161
2304,1162
2305,1163
2306,1164
2307,1165
2308,1166
2309,1167
2310,1145
2311,1168
2311,1169
2312,1145
2313,1170
2314,1171
2315,1172
2316,1173
2317,1174
2318,1175
2319,1170
2320,1176
2321,1177
2322,1178
2323,1179
2324,1180
2324,1181
2325,1182
2326,1183
2326,1184
2327,1185
2328,1186
2329,1187
2330,818
2331,1188
2332,1189
2333,1170
2334,13
2335,1190
2335,1191
2336,13
2337,1190
2337,1191
2338,1190
2339,1192
2340,1193
2340,1194
2341,1195
2341,1196
2342,6
2343,1197
2344,1198
2345,1199
2346,1197
2347,1200
2348,1201
2349,1202
2350,1203
2351,1197
2352,1204
2352,1205
2353,1206
2354,1197
2355,1203
2356,6
2357,1207
2357,1208
2358,893
2359,1209
2360,1207
2360,1208
2361,1209
2362,1209
2363,6
2364,6
2365,1210
2366,1207
2366,1208
2367,1209
2368,1207
2368,1208
2369,1207
2369,1208
2370,1209
2371,6
2372,6
2373,6
2374,1209
2375,1207
2375,1208
2376,6
2377,1207
2377,1208
2377,1211
2378,1207
2378,1208
2379,6
2380,1189
2381,1212
2382,1213
2383,1189
2384,1189
2385,1189
2386,1214
2387,1189
2388,1189
2389,1189
2390,1215
2390,1216
2391,1058
2391,1217
2392,1218
2393,1219
2394,1218
2396,1220
2397,1220
2398,1221
2398,1222
2399,1223
2400,1224
2401,635
2401,1225
2401,1226
2402,635
2402,1225
2402,1226
2403,635
2403,1225
2403,1226
2404,214
2405,1227
2406,312
2407,1228
2407,1229
2408,220
2408,555
2408,1230
2409,1231
2410,397
2411,1232
2411,1229
2412,220
2413,1228
2413,1229
2414,214
2415,185
2416,1233
2416,1234
2417,1235
2418,1228
2418,1229
2419,1236
2420,1237
2421,1238
2422,220
2423,1239
2424,318
2424,500
2425,1240
2425,22
2426,1241
2427,1242
2428,1243
2429,1243
2430,182
2430,214
2431,1243
2432,1244
2433,347
2434,1245
2435,1245
2436,1246
2436,1247
2437,1244
2438,203
2439,1248
2439,1249
2440,347
2441,6
2442,1245
2443,1245
2444,1250
2445,1245
2446,1250
2447,179
2448,203
2449,1250
2450,1245
2451,1251
2452,6
2453,1252
2454,1253
2455,1238
2456,1252
2457,1254
2457,1255
2458,1256
2459,1257
2460,1258
2461,1238
2462,1259
2463,6
2464,1252
2465,1260
2467,1261
2468,1262
2469,1263
2470,1264
2471,1265
2472,1266
2472,1267
2472,1268
2473,1269
2473,1270
2474,1271
2475,1253
2476,1272
2476,1273
2476,1274
2476,1275
2477,1276
2478,1277
2479,1276
2480,1278
2481,1277
2481,1273
2481,1274
2481,1275
2482,1279
2483,1280
2483,1281
2483,1282
2484,1277
2484,1283
2485,1280
2485,1281
2485,1282
2486,1284
2486,1285
2486,1286
2487,1287
2488,1288
2489,1238
2490,1284
2490,1285
2491,1289
2491,1290
2492,1291
2492,1292
2493,1293
2494,1294
2495,1295
2496,1296
2497,1297
2498,1298
2499,1299
2500,1300
2501,1301
2502,1301
2503,1302
2504,1299
2505,1303
2506,1304
2506,1305
2506,1306
2507,1307
2508,1308
2509,1307
2510,1309
2511,1310
2512,1296
2513,1296
2514,500
2515,1311
2516,1312
2517,1245
2518,1313
2519,1314
2520,1261
2521,1315
2521,1316
2522,293
2523,293
2524,220
2525,220
2526,1317
2526,1318
2526,1319
2527,293
2527,294
2527,313
2527,295
2528,1238
2529,1320
2530,1276
2531,1321
2532,1310
2533,293
2534,220
2535,1313
2536,1322
2536,1323
2537,1324
2538,1325
2539,1326
2540,1327
2541,6
2544,1260
2546,1260
2548,1260
2549,1327
2550,1328
2550,1329
2550,1330
2551,1331
2551,1332
2552,1327
2553,1327
2554,1327
2555,1238
2556,1238
2557,1333
2558,1238
2559,1334
2561,1335
2561,1336
2561,1337
2561,1338
2562,1232
2563,1339
2563,1229
2564,1340
2565,1341
2565,1342
2565,1343
2565,1344
2566,1345
2567,1263
2568,1346
2569,1346
2570,1347
2571,1347
2571,1348
2572,1232
2573,1349
2574,209
2574,1350
2574,1351
2575,1350
2575,1351
2575,1352
2576,1352
2576,1314
2577,1345
2578,1347
2579,1347
2579,10
2579,1353
2580,1347
2580,1348
2581,1354
2581,1355
2582,1356
2583,6
2584,1354
2584,1355
2585,1354
2585,1355
2586,1354
2586,1355
2587,1354
2587,1355
2588,1357
2590,1358
2592,1359
2593,1359
2594,1360
2595,1361
2596,1361
2597,1362
2599,1363
2600,1364
2601,1365
2601,1366
2601,1367
2601,1368
2602,1365
2602,1366
2602,1367
2602,1368
2603,1365
2604,1365
2604,1366
2604,1367
2604,1368
2605,1369
2606,1365
2607,1365
2608,1365
2609,1365
2609,1367
2609,1368
2609,1366
2610,1365
2611,1365
2611,1370
2611,1371
2612,1372
2613,1372
2613,1373
2613,1374
2614,1365
2614,1375
2614,1376
2615,1365
2616,1372
2616,1374
2617,1365
2617,1377
2617,1378
2618,1372
2619,1372
2619,1373
2619,1374
2619,1379
2620,1365
2621,1365
2622,1365
2623,1380
2625,1381
2626,1382
2626,1383
2627,1382
2627,1383
2628,1382
2628,1383
2629,1384
2630,1385
2630,1386
2631,1387
2632,1388
2633,1389
2634,1382
2634,1383
2635,1390
2636,1391
2637,1382
2637,1383
2638,1392
2639,6
2640,1393
2640,1394
2640,1395
2640,1396
2640,1397
2641,1398
2642,1399
2642,1400
2642,1401
2642,1402
2643,1398
2644,6
2645,6
2646,1403
2647,1404
2648,1405
2648,1406
2648,1407
2649,151
2650,1408
2650,1409
2650,1410
2651,1406
2651,1408
2652,6
2653,6
2654,1411
2654,1412
2654,1413
2654,1414
2654,1415
2654,1416
2655,6
2656,1411
2657,1417
2658,1411
2659,1418
2659,1419
2659,1420
2660,1421
2661,1422
2662,6
2663,6
2664,1423
2665,1411
2665,1412
2665,1413
2665,1414
2665,1415
2665,1416
2666,1424
2667,1425
2668,1426
2669,1425
2670,1427
2671,1428
2672,1429
2672,1430
2672,1431
2673,1432
2674,1432
2675,1432
2676,1432
2677,1433
2677,1434
2678,1432
2679,1429
2679,1430
2679,1431
2680,1429
2680,1430
2680,1431
2681,1435
2681,1436
2682,1437
2683,1438
2684,1438
2685,1439
2686,1440
2687,1441
2688,1307
2689,673
2689,1442
2690,1443
2691,1320
2691,1444
2692,1320
2692,1349
2693,1320
2693,1349
2694,1320
2694,1445
2695,1446
2696,1324
2696,1320
2697,1320
2698,1447
2699,1448
2700,1448
2701,1320
2702,1449
2702,1450
2702,1451
2703,673
2703,1442
2704,1452
2704,1453
2704,1454
2704,1455
2705,1456
2706,673
2706,1442
2707,1457
2707,1458
2708,1459
2709,1460
2710,1461
2710,1462
2711,1463
2712,1326
2713,1459
2714,1460
2715,1320
2715,1464
2716,1307
2717,1463
2718,1441
2719,1465
2720,1324
2720,1466
2721,1460
2722,1307
2722,1467
2723,1307
2723,1467
2724,1468
2725,1469
2726,1470
2726,1471
2727,1470
2727,1472
2727,1471
2727,1473
2728,1474
2729,1475
2729,1476
2730,1477
2730,1478
2731,1474
2732,1479
2733,6
2734,1480
2734,1481
2734,1482
2735,1463
2736,760
2737,1469
2738,1469
2739,1483
2740,1484
2741,1484
2742,1484
2743,1485
2744,1486
2745,1487
2746,1488
2747,1166
2748,1489
2749,1490
2750,1491
2751,1492
2751,1493
2752,1494
2752,1495
2753,1496
2754,1497
2755,1498
2755,1499
2756,1500
2756,1501
2757,1502
2758,1503
2759,1504
2760,1505
2761,1506
2762,1507
2763,1508
2764,1509
2765,1510
2766,1508
2767,1511
2768,1512
2769,1511
2770,1513
2770,1514
2771,1515
2772,1161
2773,1516
2774,1517
2775,1518
2776,1519
2776,1520
2777,1516
2778,1157
2778,1485
2778,1512
2779,1521
2779,1522
2779,1523
2780,1524
2780,1525
2780,1526
2781,1527
2782,1521
2783,1528
2784,1529
2785,1530
2785,1531
2785,1532
2786,1533
2786,1534
2787,1535
2788,1536
2789,1537
2789,1538
2790,1539
2790,1540
2791,1541
2792,1542
2792,1543
2792,1544
2793,1545
2794,1546
2794,1547
2795,1548
2795,1549
2795,1550
2796,1551
2797,1546
2797,1552
2798,1553
2799,1554
2800,1555
2801,1556
2802,6
2803,1557
2804,1558
2805,1559
2806,1560
2807,1561
2808,1562
2809,1563
2810,1564
2811,1565
2812,1566
2813,1548
2813,1549
2813,1550
2814,413
2815,413
2816,413
2817,1567
2817,1568
2818,1569
2819,1570
2819,1571
2820,1569
2821,1569
2822,1569
2822,1572
2823,1491
2824,1573
2825,1574
2826,1575
2827,6
2828,1576
2828,1577
2829,1578
2830,1579
2831,151
2832,1569
2833,1580
2834,1581
2835,1582
2835,1583
2836,1584
2837,1569
2837,1585
2837,1586
2838,1587
2838,1588
2839,1589
2839,1590
2840,1591
2841,1166
2842,1592
2843,1593
2844,1594
2844,1595
2845,1596
2846,1597
2847,1598
2848,1599
2849,1600
2850,1601
2851,1602
2851,1603
2851,1604
2852,1605
2853,1606
2854,1607
2854,1608
2856,1609
2857,1610
2858,1611
2859,1612
2860,1613
2861,1614
2862,1615
2863,1616
2864,1617
2865,1618
2866,1619
2867,1620
2868,1621
2869,1622
2870,1623
2871,1624
2872,1625
2872,1626
2873,1627
2874,1628
2875,1629
2876,1630
2877,1617
2878,1631
2879,1632
2880,1633
2881,1634
2882,1635
2883,1623
2884,1533
2884,1534
2885,1636
2886,1637
2886,1638
2886,1639
2887,1640
2888,1562
2888,1641
2889,1642
2890,1643
2891,1644
2892,1645
2893,1646
2894,1647
2895,1648
2896,1649
2897,1650
2898,1651
2899,1652
2900,1653
2900,1654
2901,1655
2902,1636
2903,1656
2904,1657
2905,1658
2905,1659
2906,1660
2907,1661
2907,1662
2908,1663
2909,1664
2910,1665
2911,1666
2912,1667
2913,1668
2914,1669
2915,1670
2916,1671
2917,1672
2918,1673
2919,1557
2920,1674
2921,1562
2922,1675
2923,1676
2923,1677
2924,1678
2925,1679
2926,1680
2927,1681
2928,1682
2929,1683
2930,1684
2931,1685
2931,1686
2932,6
2933,6
2934,1687
2935,1688
2935,1689
2935,1690
2936,6
2937,1691
2938,1692
2938,1693
2938,1694
2939,1695
2940,1696
2941,1697
2941,1698
2942,1699
2943,1688
2944,1700
2945,944
2946,1701
2947,886
2948,1702
2949,1703
2950,1704
2950,1705
2950,1706
2951,1707
2952,1708
2953,1709
2954,1710
2954,1711
2955,1712
2956,219
2956,1713
2957,1714
2957,462
2958,1715
2959,1716
2960,1717
2960,1718
2960,1719
2961,1707
2962,1720
2963,1721
2964,1722
2964,1723
2965,1724
2965,1725
2966,12
2966,1726
2967,1727
2968,1728
2969,1729
2970,1729
2971,1730
2972,1731
2973,1730
2974,1730
2975,1732
2976,1733
2977,1728
2978,1730
2979,1730
2980,1082
2981,1734
2982,1735
2983,1736
2984,1737
2985,1738
2986,1739
2987,1740
2988,1730
2989,6
2990,1741
2991,841
2992,1742
2993,842
2994,1743
2994,1744
2995,1745
2996,1746
2996,1747
2997,1748
2998,1749
2998,397
2999,1750
3000,1751
3001,1752
3002,842
3003,1753
3004,1754
3005,1755
3006,6
3007,1756
3008,1757
3009,1758
3010,1759
3011,1760
3011,1761
3012,1762
3013,1763
3014,1764
3015,1765
3015,1766
3016,1767
3017,1768
3018,1769
3019,1770
3020,1771
3020,1772
3020,1773
3020,1774
3021,1775
3022,1776
3022,1777
3023,1778
3024,1779
3025,1780
3026,1781
3027,1782
3027,1783
3028,1784
3029,1785
3029,1786
3030,1787
3031,1788
3032,1044
3033,1779
3034,1789
3034,1790
3035,1791
3035,1792
3036,1064
3036,1793
3037,1794
3038,1795
3039,1796
3040,1797
3040,1798
3041,1799
3042,1707
3043,1800
3043,1801
3044,1802
3045,1467
3046,1803
3047,1804
3048,1805
3049,1806
3050,1467
3051,1807
3051,1808
3051,1809
3052,1810
3053,1811
3054,1064
3054,1793
3055,1812
3056,1799
3057,1813
3058,1814
3059,1815
3060,1816
3061,1816
3062,1816
3063,1816
3064,1816
3065,1817
3065,1818
3065,1819
3066,1816
3067,1820
3068,1816
3069,1816
3070,1821
3071,1822
3071,1823
3072,1824
3072,1825
3073,1826
3074,1827
3075,1828
3076,1829
3077,1830
3077,1831
3077,1832
3077,1833
3078,1834
3079,1835
3079,1833
3080,1816
3081,1836
3082,1837
3082,1838
3082,1839
3082,1833
3083,1840
3084,1841
3085,1161
3086,1842
3087,1843
3087,1844
3087,1845
3088,1846
3089,1847
3090,1848
3091,1849
3091,1850
3092,1851
3093,1852
3094,1853
3095,1854
3096,1855
3097,1856
3098,1857
3099,1858
3100,1859
3101,1860
3101,1657
3101,1861
3101,1862
3102,1863
3102,1864
3102,1865
3103,1860
3103,1657
3103,1861
3103,1862
3104,1866
3105,1867
3106,1868
3107,1869
3108,1870
3109,1871
3110,1872
3111,1871
3112,1871
3113,1871
3114,1871
3115,1871
3116,1873
3116,1874
3117,1871
3118,1871
3119,1875
3120,1871
3121,1876
3122,1871
3123,1877
3124,1878
3124,1879
3125,1871
3126,1871
3127,1880
3127,1874
3128,1871
3129,1871
3130,1871
3131,1871
3132,1881
3132,1882
3132,1883
3133,1884
3133,1885
3134,151
3134,1886
3135,1887
3136,1887
3137,1887
3138,1888
3139,1889
3140,1890
3141,1891
3142,1892
3142,1893
3143,1894
3144,1887
3144,1895
3145,1896
3146,151
3147,1897
3148,1898
3148,1899
3149,1900
3150,1901
3151,1902
3152,1903
3153,1904
3154,1905
3154,1906
3155,1907
3156,1908
3156,1909
3157,1852
3158,1852
3159,1910
3160,1852
3161,1852
3162,1910
3163,1911
3164,1912
3165,1913
3166,1914
3167,151
3168,1915
3169,1916
3170,1916
3171,1916
3172,1917
3173,1918
3174,1919
3175,1920
3176,1921
3177,1852
3178,1922
3179,1923
3180,1924
3181,1925
3181,1926
3181,1927
3182,1928
3183,1929
3184,1930
3185,1931
3186,1932
3187,6
3188,1933
3189,1934
3190,6
3191,1935
3192,1936
3193,1937
3194,1938
3194,1939
3195,1940
3196,6
3197,1941
3197,1942
3197,1943
3198,1944
3199,1945
3200,1946
3201,1947
3202,1948
3203,1949
3204,6
3205,1949
3205,1947
3206,1947
3207,1948
3208,6
3209,1950
3210,1951
3211,1952
3212,1953
3213,1954
3213,1955
3214,1956
3215,1957
3216,1958
3217,1959
3217,1960
3218,1961
3219,1962
3220,1954
3220,1955
3221,1963
3222,1954
3222,1955
3223,1964
3224,1965
3224,1966
3225,1967
3226,1968
3227,1969
3228,1970
3229,1971
3230,1972
3230,1973
3231,1974
3232,1975
3232,1976
3233,1977
3234,1978
3235,1979
3235,1980
3236,1981
3236,1982
3237,1983
3238,1984
3239,1985
3239,1986
3240,1987
3241,1988
3242,6
3243,1989
3244,1990
3245,1991
3246,1992
3247,1993
3248,1994
3249,6
3250,1995
3250,1996
3250,1997
3250,1998
3251,1999
3252,6
3253,2000
3254,2001
3255,2002
3255,2003
3256,2004
3257,2005
3257,2006
3258,2007
3258,2008
3259,13
3260,2009
3261,2010
3262,2011
3263,2012
3264,2013
3265,2014
3266,68
3266,2015
3267,2016
3267,2017
3268,2018
3269,2019
3270,2020
3271,769
3272,2021
3273,2022
3273,2023
3274,2024
3274,2025
3275,2022
3275,2023
3275,13
3276,2026
3276,2027
3277,2028
3277,2029
3278,2030
3278,2031
3278,2032
3279,2026
3279,2033
3280,2034
3280,2033
3281,2035
3282,2036
3282,2037
3283,2035
3283,2036
3283,2037
3284,2038
3284,1564
3285,2039
3286,2040
3287,2041
3288,2042
3288,2043
3288,2044
3289,2045
3289,1954
3289,2046
3290,2047
3291,2039
3292,2048
3293,2049
3293,2050
3294,2051
3295,2052
3295,2053
3296,2054
3297,2055
3297,2056
3298,2057
3299,2058
3300,2059
3301,2059
3302,1983
3302,2060
3303,2061
3304,1955
3304,965
3305,2062
3306,2063
3307,2064
3307,2065
3307,2066
3308,1198
3309,6
3310,6
3311,1192
3312,2030
3312,2067
3313,2065
3313,2064
3313,2066
3313,2068
3314,1972
3315,6
3316,2069
3316,2070
3317,1220
3318,2071
3319,2066
3319,2065
3319,2064
3319,2072
3320,2073
3320,2074
3321,2075
3322,2076
3323,2077
3324,2078
3324,2079
3325,2078
3325,2079
3326,2080
3327,2080
3328,2081
3329,2082
3330,2083
3330,2084
3331,6
3332,2085
3333,2086
3334,2087
3334,2088
3334,2089
3335,1998
3336,2090
3336,2091
3337,2092
3338,2093
3339,2081
3340,2094
3341,2095
3342,2096
3343,2097
3343,2098
3344,2099
3345,2100
3346,2101
3347,2081
3348,2102
3349,2103
3350,923
3350,195
3351,6
3352,2104
3353,914
3354,1735
3355,2105
3356,2106
3357,2107
3358,2108
3359,2109
3360,2109
3361,2110
3362,2111
3363,2112
3364,1666
3365,1735
3366,2113
3367,2114
3368,1735
3369,2115
3370,2116
3370,2117
3371,2118
3372,1734
3373,1857
3374,1735
3375,841
3376,2119
3377,2120
3378,2121
3379,2122
3379,2123
3380,2124
3381,2120
3382,2122
3383,2124
3384,1695
3385,2119
3386,2124
3387,2124
3388,2125
3389,1695
3390,189
3391,2124
3392,2125
3393,2126
3394,2125
3395,2125
3396,2125
3397,2125
3398,2125
3399,2125
3400,2127
3401,2128
3402,2129
3403,2130
3404,1700
3405,2131
3406,2132
3407,990
3408,2133
3409,2134
3410,2135
3411,2136
3412,2137
3413,1038
3414,2138
3415,2139
3415,2140
3415,2141
3416,2142
3417,2143
3417,2144
3418,2145
3418,2146
3419,2147
3420,2148
3421,2149
3422,6
3423,2150
3423,2151
3423,2152
3424,2153
3424,2154
3425,1881
3425,2155
3425,141
3426,2148
3427,2156
3428,914
3429,2157
3429,1700
3430,2158
3430,2159
3430,2150
3431,2148
3432,2160
3432,2161
3433,1700
3434,2162
3435,8
3436,6
3437,2163
3438,5
3439,2164
3440,2163
3441,2165
3442,2164
3443,2166
3443,2167
3444,2149
3445,2168
3446,2166
3447,6
3448,2169
3449,2170
3450,2171
3451,1511
3452,2172
3453,2173
3454,2173
3455,2172
3456,2174
3456,2175
3456,1871
3457,2170
3458,2176
3458,2177
3458,2178
3459,2179
3460,1009
3461,2180
3462,2171
3463,1702
3464,2181
3465,2182
3466,2183
3467,2184
3468,2185
3469,2186
3470,2187
3471,1218
3472,2188
3473,1703
3474,2189
3475,2190
3476,2191
3476,2192
3477,2138
3478,6
3479,2193
3479,2194
3480,2195
3481,2196
3482,2197
3483,2196
3484,2198
3485,2196
3486,2199
3486,2200
3486,2201
3486,2202
3487,2203
3487,2204
3487,2205
3488,2206
3489,2207
3490,2208
3491,2209
3492,1657
3492,2210
3493,2199
3493,2200
3493,2201
3493,2202
3494,2211
3495,2199
3495,2200
3495,2201
3495,2202
3496,2199
3496,2200
3496,2201
3496,2202
3497,2212
3498,2213
3499,2214
3500,2215
3501,2212
3501,2216
3502,2217
3503,1036
3504,2218
3505,2219
3506,2220
3507,6
3508,2221
3509,1038
3510,2222
3511,2223
3512,2224
3513,2225
3514,2224
3515,2222
3516,2226
3517,2227
3518,2228
3519,1004
3520,2229
3521,2230
3522,2231
3523,2232
3523,2233
3524,2234
3524,2235
3525,2236
3525,2237
3526,1492
3527,2238
3527,2239
3528,2240
3529,2241
3529,947
3529,2242
3530,2243
3531,2244
3531,2245
3532,2246
3533,2247
3534,2248
3535,2249
3535,2250
3536,2251
3536,2252
3537,2253
3538,2254
3539,2255
3540,1858
3541,2256
3542,2257
3542,2258
3543,2259
3544,2260
3545,2261
3546,2262
3547,6
3548,2263
3549,2264
3550,2265
3551,2266
3552,2267
3553,2267
3554,2268
3554,2269
3555,2257
3556,2270
3557,6
3558,2271
3559,2272
3560,2273
3561,2274
3563,151
3564,2275
3565,2275
3566,2276
3567,2277
3568,2278
3569,2279
3569,2280
3570,2281
3571,2282
3571,2283
3572,6
3573,2284
3574,2285
3575,2286
3576,2287
3577,2288
3578,2289
3579,2290
3579,2291
3580,2281
3581,2215
3582,2292
3583,2293
3584,2294
3585,2295
3586,2296
3587,2297
3587,2298
3588,2296
3589,2299
3590,2300
3591,2296
3592,2301
3593,2293
3594,2299
3595,2300
3596,2300
3597,2300
3597,2302
3598,2300
3599,2301
3600,2303
3601,2304
3602,2305
3603,113
3603,114
3604,2306
3605,2307
3605,2308
3606,2309
3607,2310
3608,1735
3609,842
3610,2311
3610,2161
3610,2312
3611,2313
3612,2314
3613,2315
3614,2316
3615,113
3615,114
3616,2317
3617,2317
3618,2317
3619,2317
3620,2318
3621,2319
3621,2320
3621,2321
3622,2322
3623,2323
3624,2324
3625,2325
3626,2326
3627,2327
3628,2328
3629,1779
3630,2329
3631,2330
3632,2331
3633,2316
3634,2332
3635,2333
3635,2334
3636,2335
3637,2336
3637,2337
3638,2338
3639,2331
3640,2339
3641,2015
3642,2340
3643,2331
3644,2341
3645,2342
3646,2343
3647,2344
3648,2343
3649,2335
3650,2345
3651,2346
3652,2346
3653,2015
3654,2331
3655,2331
3656,2015
3657,2347
3658,2348
3659,2348
3660,2349
3661,2350
3662,2015
3665,2331
3666,2331
3667,2351
3668,2352
3669,2353
3670,2348
3671,2015
3672,2331
3673,2331
3673,2015
3674,1871
3675,2354
3676,2355
3677,2356
3678,1871
3679,2357
3680,2358
3681,2359
3682,2360
3683,2361
3684,2362
3684,1772
3684,2363
3685,2364
3686,2365
3687,2366
3688,2355
3689,2367
3690,2368
3691,2369
3692,2370
3693,2371
3694,2372
3695,2373
3696,2374
3697,2375
3697,2376
3697,2377
3698,2378
3699,6
3700,2379
3701,2380
3702,2381
3703,2382
3704,2383
3705,2384
3706,2385
3707,2386
3708,2387
3708,2388
3709,2389
3710,1735
3711,2390
3712,2391
3713,2392
3714,2393
3715,2394
3716,2395
3716,2396
3717,1000
3718,2397
3719,2398
3720,2399
3721,2400
3722,2401
3723,2401
3724,2402
3725,2403
3726,2404
3727,2389
3728,2403
3729,2405
3730,1750
3731,2406
3732,2407
3732,2408
3733,2409
3733,2410
3734,2411
3735,2412
3735,2413
3736,2407
3736,2408
3737,2414
3737,2415
3737,2416
3738,2413
3738,209
3739,2407
3739,2408
3740,2417
3741,2418
3742,2409
3742,2410
3743,2407
3743,2419
3744,2420
3745,2421
3745,2422
3745,2423
3746,6
3747,209
3748,2420
3749,2409
3749,2410
3751,2409
3751,2410
3752,1238
3753,2424
3754,2413
3755,1313
3756,190
3757,2425
3757,2426
3758,190
3759,190
3760,2427
3761,2428
3761,2429
3761,2430
3762,2431
3763,2431
3764,2432
3765,6
3766,2433
3766,2434
3767,6
3768,6
3769,6
3770,2425
3771,2435
3772,2436
3772,2437
3773,2438
3773,2439
3774,2425
3775,2438
3775,2439
3776,2440
3776,2429
3777,2441
3778,2442
3779,2436
3779,2437
3780,2410
3781,2443
3782,2444
3782,2445
3783,2410
3784,2446
3785,2444
3785,2445
3786,2444
3786,2445
3787,227
3787,2447
3787,2448
3788,2410
3789,2449
3789,2450
3789,2451
3790,1307
3790,1467
3791,2452
3791,2453
3792,2454
3792,2455
3793,1419
3794,1419
3794,2456
3795,1419
3796,2410
3796,2457
3797,2410
3798,2410
3798,2457
3799,2458
3800,1419
3801,2459
3802,2460
3802,2461
3803,1937
3804,1937
3805,2462
3806,1937
3807,2463
3807,2464
3808,2465
3809,2465
3810,2466
3810,2467
3811,2468
3812,2469
3812,2470
3813,2471
3814,1459
3815,2472
3815,2473
3816,2144
3816,2143
3817,2474
3818,2475
3818,2476
3819,2477
3819,2464
3820,1418
3820,1419
3820,2478
3820,2479
3821,2480
3821,2481
3821,2482
3822,2483
3823,2484
3824,2485
3825,2486
3826,2487
3827,760
3829,2460
3829,2488
3830,2460
3830,2461
3831,1349
3832,2489
3833,2489
3834,2490
3834,2491
3834,767
3835,2489
3836,2492
3837,2493
3838,6
3839,2494
3840,2494
3841,2494
3842,2495
3842,2496
3843,2495
3843,2496
3844,2497
3845,2498
3845,2499
3845,988
3846,2500
3847,2501
3847,2502
3848,6
3849,2494
3850,2500
3851,2500
3852,2500
3853,2503
3854,2310
3855,2504
3856,2505
3857,2506
3858,2507
3859,2508
3860,2509
3860,2510
3861,2511
3862,2512
3863,2513
3864,2513
3865,2514
3866,2515
3866,2516
3867,2517
3868,2518
3869,151
3870,2519
3871,2520
3872,2509
3872,2521
3873,2522
3874,2523
3875,2515
3875,2516
3876,2520
3877,6
3878,6
3879,2524
3880,2522
3880,2525
3880,2526
3881,2527
3882,2015
3883,2015
3884,6
3885,2528
3886,2529
3887,2528
3888,2530
3889,2529
3890,2531
3891,2532
3892,2532
3893,2530
3894,2530
3895,2533
3896,2528
3897,2528
3898,2534
3899,2530
3900,2535
3900,2536
3900,2537
3901,2538
3902,2539
3902,2540
3903,2541
3904,2542
3905,2542
3906,6
3907,6
3908,6
3909,6
3910,6
3911,6
3912,2543
3913,6
3914,6
3915,2543
3916,6
3917,6
3918,6
3919,2544
3920,6
3921,6
3922,6
3923,6
3924,6
3925,6
3926,6
3927,6
3928,6
3929,2545
3930,563
3931,2546
3932,2547
3933,6
3934,563
3935,2548
3936,2549
3937,343
3938,563
3939,2550
3939,2551
3939,2552
3940,2553
3941,2554
3942,2555
3943,563
3944,2556
3945,1866
3946,2557
3947,2558
3948,2558
3949,2559
3950,2104
3951,2560
3951,2561
3952,2562
3953,2563
3954,2564
3955,2565
3956,2410
3957,2410
3958,1878
3958,1879
3959,1871
3960,1878
3960,1879
3961,1878
3961,2566
3962,1878
3962,2567
3963,1878
3963,2568
3964,1878
3964,1879
